{
	"variables": [],
	"info": {
		"name": "galeria de arte",
		"_postman_id": "159fb264-d5fe-2316-73be-b62f716feb30",
		"description": "Colección de datos para los recursos",
		"schema": "https://schema.getpostman.com/json/collection/v2.0.0/collection.json"
	},
	"item": [
		{
			"name": "Crear una galeria primera vez",
			"event": [
				{
					"listen": "test",
					"script": {
						"type": "text/javascript",
						"exec": [
							"tests[\"no genera error en el Post\"] = responseCode.code === 200;"
						]
					}
				}
			],
			"request": {
				"url": "http://localhost:8080/galeriaarte-web/api/galerias",
				"method": "POST",
				"header": [
					{
						"key": "Content-Type",
						"value": "application/json",
						"description": ""
					}
				],
				"body": {
					"mode": "raw",
					"raw": "{\"name\":\"Maria\"}"
				},
				"description": "POST para galeria"
			},
			"response": []
		},
		{
			"name": "Crear una galeria con el mismo nombre",
			"event": [
				{
					"listen": "test",
					"script": {
						"type": "text/javascript",
						"exec": [
							"tests[\"No crea con el mismo nombre\"] = responseCode.code === 412;",
							"",
							"tests[\"Mensaje correcto de error\"] = responseBody.has(\"Ya existe una galeria con el nombre\");"
						]
					}
				}
			],
			"request": {
				"url": "http://localhost:8080/galeriaarte-web/api/galerias",
				"method": "POST",
				"header": [
					{
						"key": "Content-Type",
						"value": "application/json",
						"description": ""
					}
				],
				"body": {
					"mode": "raw",
					"raw": "{\"id\":1,\n\t\"name\":\"Maria\"}"
				},
				"description": "POST para galeria"
			},
			"response": []
		},
		{
			"name": "Editar una galeria",
			"event": [
				{
					"listen": "test",
					"script": {
						"type": "text/javascript",
						"exec": [
							"console.log(responseBody);",
							"var data = JSON.parse(responseBody);",
							"tests[\"Status code is 200\"] = responseCode.code === 200;"
						]
					}
				}
			],
			"request": {
				"url": "http://localhost:8080/galeriaarte-web/api/galerias/100",
				"method": "PUT",
				"header": [
					{
						"key": "Content-Type",
						"value": "application/json",
						"description": ""
					}
				],
				"body": {
					"mode": "raw",
					"raw": "{\n    \"name\": \"galeria con nuevo nombre\"\n}"
				},
				"description": "PUT de galeria"
			},
			"response": []
		},
		{
			"name": "Obtener todas las galeria ",
			"event": [
				{
					"listen": "test",
					"script": {
						"type": "text/javascript",
						"exec": [
							"var data= JSON.parse(responseBody);",
							"tests[\"Status code is 200\"] = responseCode.code === 200;",
							"tests[\"bicycles count\"] = data.length >= 0;"
						]
					}
				}
			],
			"request": {
				"url": "http://localhost:8080/galeriaarte-web/api/galerias/",
				"method": "GET",
				"header": [],
				"body": {},
				"description": "GET galeriadeartes"
			},
			"response": []
		},
		{
			"name": "Borrar una galeria",
			"event": [
				{
					"listen": "test",
					"script": {
						"type": "text/javascript",
						"exec": [
							"tests[\"Status code is 200\"] = responseCode.code === 204;"
						]
					}
				}
			],
			"request": {
				"url": "http://localhost:8080/galeriaarte-web/api/galerias/200",
				"method": "DELETE",
				"header": [],
				"body": {},
				"description": "DELETE galeriadeartes\n"
			},
			"response": []
		},
		{
			"name": "Obtener una galeria",
			"event": [
				{
					"listen": "test",
					"script": {
						"type": "text/javascript",
						"exec": [
							"console.log(responseBody);",
							"var data = JSON.parse(responseBody);",
							"tests[\"Status code is 200\"] = responseCode.code === 200;"
						]
					}
				}
			],
			"request": {
				"url": "http://localhost:8080/galeriaarte-web/api/galerias/100",
				"method": "GET",
				"header": [],
				"body": {},
				"description": "Get para una galeria"
			},
			"response": []
		}
	]
}